,name_without_spaces,index,followers,NoC,SumAddDelSM,AddSM,DelSM,ChurnSM,NoAB,NoNAB,NoCII,NoCnII,NoCE,NonCE,NoInEI,NoIEI,SumAddDelLGM,AddLGM,DelLGM,ChurnGM,NoMGM,SumAddDelLOC,AddLOC,DelLOC,churnLOC,SumAddDelF,AddF,DelF,SumAddDelSAM,AddSAM,DelSAM,ChurnSAM,commit_count_a,DiP,ICT,name,from,to
0,brianpolster,1,70,244,548,332,216,116,6,430,268,168,136,300,42,70,1566.0,874.0,692.0,182.0,2.0,69368,45540,23828,21712,224,194,30,636,402,234,168,52.0,572.2572685185186,4.690633348512447,brian polster,broadleaf-1.5.0-GA,broadleaf-2.0.0-GA
1,elbertbautista,2,15,55,50,39,11,28,1,47,36,12,34,14,2,0,11.0,11.0,0.0,11.0,0.0,3090,2913,177,2736,30,29,1,48,37,11,26,9.0,167.2695486111111,3.0412645202020205,elbert bautista,broadleaf-1.5.0-GA,broadleaf-2.0.0-GA
2,jerryocanas,3,9,6,5,5,0,5,0,3,2,1,1,2,1,1,26.0,13.0,13.0,0.0,0.0,340,308,32,276,5,5,0,3,3,0,3,2.0,165.00394675925926,27.50065779320988,jerry ocanas,broadleaf-1.5.0-GA,broadleaf-2.0.0-GA
3,josephfridye,6,6,29,35,34,1,33,0,29,14,15,11,18,4,2,0.0,0.0,0.0,0.0,0.0,3322,3158,164,2994,34,33,1,21,19,2,17,10.0,173.95881944444446,5.998579980842912,joseph fridye,broadleaf-1.5.0-GA,broadleaf-2.0.0-GA
4,justinmunn,9,15,3,0,0,0,0,0,0,0,0,0,0,0,0,0.0,0.0,0.0,0.0,0.0,31,20,11,9,0,0,0,0,0,0,0,0.0,33.285625,11.095208333333332,justin munn,broadleaf-1.5.0-GA,broadleaf-2.0.0-GA
5,kellytisdell,9,44,104,63,47,16,31,3,56,39,20,17,42,3,1,143.0,99.0,44.0,55.0,0.0,4791,3874,917,2957,43,40,3,293,167,126,41,32.0,266.0953587962963,5.857000307067271,kelly tisdell,broadleaf-1.5.0-GA,broadleaf-2.0.0-GA
6,phillipverheyden,0,85,279,157,113,44,69,5,106,70,41,44,67,20,26,32.0,16.0,16.0,0.0,0.0,9810,8467,1343,7124,90,86,4,101,77,24,53,33.0,208.1859375,0.7461861559139782,phillip verheyden,broadleaf-1.5.0-GA,broadleaf-2.0.0-GA
7,trevorleffert,15,0,10,1,1,0,1,0,1,1,0,1,0,0,0,0.0,0.0,0.0,0.0,0.0,257,243,14,229,1,1,0,0,0,0,0,0.0,86.98317129629629,9.664796810699588,trevor leffert,broadleaf-1.5.0-GA,broadleaf-2.0.0-GA
